{"cameraMode":{"drawMode":0,"name":"Shaded","section":"Shading Mode"},"sceneLighting":true,"audioPlay":false,"sceneViewState":{"showFog":true,"showMaterialUpdate":false,"showSkybox":true,"showFlares":true,"showImageEffects":true,"showParticleSystems":true},"in2DMode":false,"pivot":{"x":15.44517993927002,"y":3.3133602142333986,"z":-2.2005434036254885},"rotation":{"x":-0.12288620322942734,"y":-0.21815966069698335,"z":0.02773931622505188,"w":-0.967791736125946},"size":8.480445861816407,"orthographic":false}